wikidata_qid,wd_label,jsic_code,jsic_label,notes
Q347021,software industry,G-39,情報サービス業,WD P452: software industry -> JSIC 情報サービス業
Q1114515,telecommunications industry,G,情報通信業,通信全般
Q637251,automotive industry,E,製造業,自動車産業は製造業大分類
Q12740352,retail industry,I,卸売業・小売業,小売一般
Q236476,banking,J,金融業・保険業,銀行業
Q159344,food industry,E,製造業,食品製造はE
Q179415,construction industry,D,建設業,建設
Q998721,hotel industry,M,宿泊業、飲食サービス業,宿泊
Q192283,restaurant industry,M-76/77,飲食店/持ち帰り・配達,飲食
Q170790,chemical industry,E,製造業,化学
Q25261,pharmaceutical industry,E,製造業,医薬品
Q26896272,electronic industry,E,製造業,電機
Q11063,steel industry,E,製造業,鉄鋼
Q484652,insurance industry,J,金融業・保険業,保険
